Antonio;M
Aaron;M
Abdelaziz;M
Abdelkader;M
Abdellah;M
Abderrahim;M
Abdeslam;M
Abel;M
Abelardo;M
Abraham;M
Abril;F
Adam;M
Adan;M
Adela;F
Adelaida;F
Adelina;F
Adolfo;M
Adoracion;F
Adria;M
Adrian;M
Adriana;F
Africa;F
Agueda;F
Agustin;M
Agustina;F
Ahmed;M
Aicha;F
Aida;F
Aimar;M
Aina;F
Ainara;F
Ainhoa;F
Ainoa;F
Aitana;F
Aitor;M
Alain;M
Alan;M
Alba;F
Alba Maria;F
Albert;M
Alberto;M
Alberto Jose;M
Aleix;M
Alejandra;F
Alejandro;M
Alex;M
Alexander;M
Alexandra;F
Alexandre;M
Alexandru;M
Alexia;F
Alexis;M
Alfonsa;F
Alfonso;M
Alfredo;M
Ali;M
Alicia;F
Almudena;F
Alonso;M
Alvaro;M
Amadeo;M
Amador;M
Amaia;F
Amalia;F
Amanda;F
Amaya;F
Amelia;F
Amina;F
Amparo;F
Ana;F
Ana Belen;F
Ana Cristina;F
Ana Isabel;F
Ana Maria;F
Ana Rosa;F
Anabel;F
Anastasia;F
Anastasio;M
Ander;M
Andoni;M
Andrea;F
Andres;M
Andreu;M
Ane;F
Angel;M
Angel Luis;M
Angel Manuel;M
Angel Maria;M
Angela;F
Angela Maria;F
Angeles;F
Angelica;F
Angelina;F
Angustias;F
Anibal;M
Anna;F
Anna Maria;F
Anselmo;M
Antia;F
Anton;M
Antoni;M
Antonia;F
Antonia Maria;F
Antonio Francisco;M
Antonio Javier;M
Antonio Jesus;M
Antonio Jose;M
Antonio Luis;M
Antonio Manuel;M
Antonio Maria;M
Antonio Miguel;M
Aquilino;M
Araceli;F
Arantxa;F
Aranzazu;F
Ariadna;F
Aritz;M
Armando;M
Arnau;M
Aroa;F
Arsenio;M
Arturo;M
Ascension;F
Asier;M
Asuncion;F
Augusto;M
Aurea;F
Aurelia;F
Aurelio;M
Aurora;F
Avelina;F
Avelino;M
Aya;F
Ayoub;M
Azahara;F
Aziz;M
Azucena;F
Balbina;F
Baldomero;M
Baltasar;M
Barbara;F
Bartolome;M
Basilio;M
Basilisa;F
Bautista;M
Beatriz;F
Bego単a;F
Belen;F
Benedicta;F
Benigno;M
Benita;F
Benito;M
Benjamin;M
Bernabe;M
Bernardino;M
Bernardo;M
Bernat;M
Berta;F
Biel;M
Bienvenida;F
Bienvenido;M
Bilal;M
Blanca;F
Blas;M
Bonifacio;M
Borja;M
Brahim;M
Brais;M
Brian;M
Brigida;F
Bruno;M
Camilo;M
Candela;F
Candelaria;F
Candida;F
Candido;M
Caridad;F
Carla;F
Carles;M
Carlos;M
Carlos Alberto;M
Carlos Antonio;M
Carlos Enrique;M
Carlos Javier;M
Carlos Jose;M
Carlos Manuel;M
Carlota;F
Carme;F
Carmelo;M
Carmen;F
Carmen Maria;F
Carmen Rosa;F
Carolina;F
Casimiro;M
Catalina;F
Cayetano;M
Cecilia;F
Cecilio;M
Ceferino;M
Celestina;F
Celestino;M
Celia;F
Celso;M
Cesar;M
Cesareo;M
Christian;M
Cipriano;M
Clara;F
Claudia;F
Claudio;M
Clemente;M
Clotilde;F
Concepcio;F
Concepcion;F
Consolacion;F
Constantin;M
Constantino;M
Consuelo;F
Coral;F
Covadonga;F
Cristian;M
Cristina;F
Cristina Maria;F
Cristobal;M
Damian;M
Daniel;M
Daniela;F
Dario;M
David;M
Davinia;F
Debora;F
Delfina;F
Delia;F
Demetrio;M
Denis;M
Desamparados;F
Desiree;F
Diana;F
Didac;M
Diego;M
Dionisia;F
Dionisio;M
Dolores;F
Dolors;F
Dominga;F
Domingo;M
Driss;M
Dumitru;M
Edgar;M
Eduard;M
Eduardo;M
Edurne;F
Eladio;M
Elena;F
Elena Maria;F
Eleuterio;M
Elia;F
Elias;M
Elisa;F
Elisabet;F
Elisabeth;F
Eliseo;M
Elizabeth;F
Eloisa;F
Eloy;M
Elsa;F
Elvira;F
Emilia;F
Emiliana;F
Emiliano;M
Emilio;M
Emilio Jose;M
Emma;F
Encarna;F
Encarnacion;F
Eneko;M
Engracia;F
Enric;M
Enrique;M
Enriqueta;F
Eric;M
Erica;F
Erik;M
Erika;F
Ernesto;M
Esmeralda;F
Esperanza;F
Esteban;M
Estefania;F
Estela;F
Ester;F
Esther;F
Estibaliz;F
Estrella;F
Eugenia;F
Eugenio;M
Eulalia;F
Eulogio;M
Eusebia;F
Eusebio;M
Eva;F
Eva Maria;F
Evangelina;F
Evaristo;M
Ezequiel;M
Fabian;M
Fabio;M
Fabiola;F
Fatiha;F
Fatima;F
Faustina;F
Faustino;M
Federico;M
Feliciana;F
Feliciano;M
Felicidad;F
Felicitas;F
Felipa;F
Felipe;M
Felisa;F
Felix;M
Fermin;M
Fermina;F
Fernanda;F
Fernando;M
Fernando Jose;M
Ferran;M
Fidel;M
Filomena;F
Flora;F
Florencia;F
Florencio;M
Florentina;F
Florentino;M
Florin;M
Francesc;M
Francesc Xavier;M
Francesca;F
Francisca;F
Francisco;M
Francisco Antonio;M
Francisco Asis;M
Francisco Borja;M
Francisco Javier;M
Francisco Jesus;M
Francisco Jose;M
Francisco Luis;M
Francisco Manuel;M
Francisco Miguel;M
Fuensanta;F
Fulgencio;M
Gabriel;M
Gabriela;F
Gaspar;M
Gema;F
Gema Maria;F
Gemma;F
Genaro;M
Genoveva;F
Georgina;F
Gerard;M
Gerardo;M
German;M
Gertrudis;F
Gheorghe;M
Gines;M
Gisela;F
Gloria;F
Gloria Maria;F
Gonzalo;M
Gorka;M
Gracia;F
Gregoria;F
Gregorio;M
Guadalupe;F
Guillem;M
Guillermina;F
Guillermo;M
Gumersindo;M
Gustavo;M
Gustavo Adolfo;M
Hamid;M
Hamza;M
Hassan;M
Hector;M
Helena;F
Herminia;F
Herminio;M
Hicham;M
Higinio;M
Hilario;M
Hipolito;M
Hortensia;F
Hugo;M
Iago;M
Ian;M
Ibai;M
Ibon;M
Ibrahim;M
Idoia;F
Ignacia;F
Ignacio;M
Ignasi;M
Igor;M
Iker;M
Ildefonso;M
Iluminada;F
Imanol;M
I単aki;M
Ines;F
Ines Maria;F
Ingrid;F
I単igo;M
Inmaculada;F
Inmaculada Concepcion;F
Inocencia;F
Inocencio;M
Ioan;M
Ion;M
Ionel;M
Irati;F
Iratxe;F
Irene;F
Iria;F
Irina;F
Iris;F
Isaac;M
Isabel;F
Isabel Maria;F
Isaias;M
Isidora;F
Isidoro;M
Isidro;M
Ismael;M
Israel;M
Itziar;F
Ivan;M
Izan;M
Izaskun;F
Jacinta;F
Jacinto;M
Jacobo;M
Jaime;M
Jairo;M
Jamal;M
Jan;M
Jana;F
Jaume;M
Javier;M
Jenifer;F
Jennifer;F
Jeronimo;M
Jesica;F
Jessica;F
Jesus;M
Jesus Angel;M
Jesus Antonio;M
Jesus Javier;M
Jesus Manuel;M
Jesus Maria;M
Jesus Miguel;M
Jesusa;F
Jimena;F
Joan;M
Joana;F
Joaquim;M
Joaquin;M
Joaquina;F
Joel;M
John;M
Jon;M
Jonatan;M
Jonathan;M
Jordi;M
Jorge;M
Jorge Juan;M
Jorge Luis;M
Jose;M
Jose Alberto;M
Jose Alejandro;M
Jose Alfonso;M
Jose Andres;M
Jose Angel;M
Jose Antonio;M
Jose Carlos;M
Jose Daniel;M
Jose David;M
Jose Domingo;M
Jose Eduardo;M
Jose Emilio;M
Jose Enrique;M
Jose Felix;M
Jose Fernando;M
Jose Francisco;M
Jose Gabriel;M
Jose Ignacio;M
Jose Javier;M
Jose Jesus;M
Jose Joaquin;M
Jose Juan;M
Jose Luis;M
Jose Manuel;M
Jose Maria;M
Jose Miguel;M
Jose Pablo;M
Jose Pedro;M
Jose Rafael;M
Jose Ramon;M
Jose Tomas;M
Jose Vicente;M
Joseba;M
Josefa;F
Josefa Maria;F
Josefina;F
Josep;M
Josep Maria;M
Josu;M
Josue;M
Juan;M
Juan Alberto;M
Juan Andres;M
Juan Angel;M
Juan Antonio;M
Juan Bautista;M
Juan Carlos;M
Juan David;M
Juan Diego;M
Juan Dios;M
Juan Enrique;M
Juan Fernando;M
Juan Francisco;M
Juan Gabriel;M
Juan Ignacio;M
Juan Jesus;M
Juan Jose;M
Juan Luis;M
Juan Manuel;M
Juan Maria;M
Juan Miguel;M
Juan Pablo;M
Juan Pedro;M
Juan Ramon;M
Juan Vicente;M
Juana;F
Juana Maria;F
Judit;F
Judith;F
Julen;M
Julia;F
Julia Maria;F
Julian;M
Juliana;F
Julio;M
Julio Cesar;M
Justa;F
Justo;M
Karim;M
Karima;F
Kevin;M
Khadija;F
Khalid;M
Laia;F
Laila;F
Lara;F
Laura;F
Laura Maria;F
Laureano;M
Lazaro;M
Leandro;M
Leire;F
Leonardo;M
Leonor;F
Leopoldo;M
Leticia;F
Leyre;F
Lidia;F
Liliana;F
Lluis;M
Lola;F
Lorena;F
Lorenza;F
Lorenzo;M
Lourdes;F
Lucas;M
Lucia;F
Luciano;M
Lucio;M
Luis;M
Luis Alberto;M
Luis Alfonso;M
Luis Angel;M
Luis Antonio;M
Luis Carlos;M
Luis Eduardo;M
Luis Enrique;M
Luis Fernando;M
Luis Francisco;M
Luis Javier;M
Luis Manuel;M
Luis Maria;M
Luis Miguel;M
Luisa;F
Luisa Maria;F
Luna;F
Luz Maria;F
Luz Marina;F
Lydia;F
Macarena;F
Magdalena;F
Maialen;F
Maider;F
Maite;F
Malika;F
Mamadou;M
Manel;M
Manuel;M
Manuel Alejandro;M
Manuel Angel;M
Manuel Antonio;M
Manuel Francisco;M
Manuel Jesus;M
Manuel Jose;M
Manuela;F
Mar;F
Marc;M
Marcel;M
Marcela;F
Marcelina;F
Marcelino;M
Marcelo;M
Marcial;M
Marco;M
Marco Antonio;M
Marcos;M
Marcos Antonio;M
Margarita;F
Maria;F
Maria Alejandra;F
Maria Alicia;F
Maria Almudena;F
Maria Amparo;F
Maria Angela;F
Maria Angeles;F
Maria Angels;F
Maria Angustias;F
Maria Antonia;F
Maria Araceli;F
Maria Aranzazu;F
Maria Ascension;F
Maria Asuncion;F
Maria Aurora;F
Maria Auxiliadora;F
Maria Azucena;F
Maria Beatriz;F
Maria Bego単a;F
Maria Belen;F
Maria Blanca;F
Maria Candelaria;F
Maria Carme;F
Maria Carmen;F
Maria Celia;F
Maria Cinta;F
Maria Concepcion;F
Maria Consolacion;F
Maria Consuelo;F
Maria Cristina;F
Maria Cruz;F
Maria Desamparados;F
Maria Dolores;F
Maria Dolors;F
Maria Elena;F
Maria Elisa;F
Maria Elvira;F
Maria Emilia;F
Maria Encarnacion;F
Maria Esperanza;F
Maria Esther;F
Maria Estrella;F
Maria Eugenia;F
Maria Eva;F
Maria Fatima;F
Maria Fe;F
Maria Fernanda;F
Maria Francisca;F
Maria Gema;F
Maria Gloria;F
Maria Gracia;F
Maria Guadalupe;F
Maria Ines;F
Maria Inmaculada;F
Maria Isabel;F
Maria Jesus;F
Maria Jose;F
Maria Josefa;F
Maria Juana;F
Maria Julia;F
Maria Laura;F
Maria Lourdes;F
Maria Lucia;F
Maria Luisa;F
Maria Luz;F
Maria Magdalena;F
Maria Manuela;F
Maria Mar;F
Maria Merce;F
Maria Mercedes;F
Maria Milagros;F
Maria Montserrat;F
Maria Natividad;F
Maria Nieves;F
Maria Nuria;F
Maria Olga;F
Maria Paloma;F
Maria Paz;F
Maria Piedad;F
Maria Pilar;F
Maria Pino;F
Maria Prado;F
Maria Purificacion;F
Maria Raquel;F
Maria Remedios;F
Maria Reyes;F
Maria Rocio;F
Maria Rosa;F
Maria Rosario;F
Maria Sagrario;F
Maria Salud;F
Maria Socorro;F
Maria Sol;F
Maria Soledad;F
Maria Sonia;F
Maria Teresa;F
Maria Trinidad;F
Maria Valle;F
Maria Vicenta;F
Maria Victoria;F
Maria Yolanda;F
Mariam;F
Marian;M
Mariana;F
Mariano;M
Maribel;F
Marina;F
Marino;M
Mario;M
Mariona;F
Marisol;F
Marius;M
Markel;M
Marta;F
Marta Maria;F
Marti;M
Martin;M
Martina;F
Mateo;M
Matias;M
Matilde;F
Mauricio;M
Mauro;M
Maximiliano;M
Maximino;M
Maximo;M
Melania;F
Melchor;M
Merce;F
Mercedes;F
Meritxell;F
Micaela;F
Michael;M
Miguel;M
Miguel Angel;M
Mihaela;F
Mihai;M
Mikel;M
Milagros;F
Minerva;F
Miquel;M
Mireia;F
Miren;F
Mireya;F
Miriam;F
Mirian;F
Modesta;F
Modesto;M
Mohamed;M
Mohammed;M
Moises;M
Monica;F
Monserrat;F
Montserrat;F
Muhammad;M
Mustapha;M
Myriam;F
Nadia;F
Nagore;F
Naiara;F
Naima;F
Narciso;M
Natalia;F
Natividad;F
Nayara;F
Nazaret;F
Nerea;F
Nestor;M
Neus;F
Nicolae;M
Nicolas;M
Nicolasa;F
Nieves;F
Nil;M
Noa;F
Noel;M
Noelia;F
Noemi;F
Nora;F
Norberto;M
Nuria;F
Obdulia;F
Octavio;M
Oier;M
Olatz;F
Olga;F
Olga Maria;F
Oliva;F
Oliver;M
Olivia;F
Omar;M
Oriol;M
Orlando;M
Oscar;M
Otilia;F
Pablo;M
Pablo Jose;M
Palmira;F
Paloma;F
Paola;F
Pascual;M
Pascuala;F
Pastora;F
Patricia;F
Patricio;M
Patrocinio;F
Pau;M
Paul;M
Paula;F
Paulina;F
Paulino;M
Pedro;M
Pedro Antonio;M
Pedro Javier;M
Pedro Jesus;M
Pedro Jose;M
Pedro Luis;M
Pedro Manuel;M
Pedro Maria;M
Pedro Miguel;M
Pedro Pablo;M
Pelayo;M
Pere;M
Peter;M
Petra;F
Piedad;F
Pilar;F
Placido;M
Pol;M
Presentacion;F
Primitivo;M
Purificacion;F
Rachid;M
Rachida;F
Rafael;M
Rafaela;F
Raimundo;M
Ramiro;M
Ramon;M
Ramona;F
Raquel;F
Raul;M
Rebeca;F
Regina;F
Remedios;F
Reyes;F
Ricard;M
Ricardo;M
Rita;F
Robert;M
Roberto;M
Roberto Carlos;M
Rocio;F
Rodolfo;M
Rodrigo;M
Rogelio;M
Roger;M
Roman;M
Roque;M
Rosa;F
Rosa Ana;F
Rosa Maria;F
Rosalia;F
Rosana;F
Rosario;F
Rosendo;M
Roser;F
Ruben;M
Rufina;F
Rufino;M
Ruth;F
Sabina;F
Sacramento;F
Sagrario;F
Said;M
Saida;F
Salma;F
Salud;F
Salvador;M
Salvadora;F
Samira;F
Samuel;M
Sandra;F
Sandra Maria;F
Santiago;M
Santos;M
Sara;F
Sarai;F
Saray;F
Saturnina;F
Saturnino;M
Saul;M
Sebastian;M
Sebastiana;F
Segundo;M
Serafin;M
Serafina;F
Sergi;M
Sergio;M
Severino;M
Sheila;F
Silvia;F
Silvia Maria;F
Simon;M
Socorro;F
Sofia;F
Soledad;F
Sonia;F
Sonia Maria;F
Soraya;F
Stefan;M
Susana;F
Tamara;F
Tania;F
Tatiana;F
Teodora;F
Teodoro;M
Teofilo;M
Teresa;F
Teresa Jesus;F
Tomas;M
Tomasa;F
Trinidad;F
Unai;M
Urbano;M
Ursula;F
Valentin;M
Valentina;F
Valeria;F
Valeriano;M
Vanesa;F
Vanessa;F
Vasile;M
Venancio;M
Veronica;F
Vicent;M
Vicenta;F
Vicente;M
Vicente Jose;M
Victor;M
Victor Jose;M
Victor Manuel;M
Victoria;F
Victoria Eugenia;F
Victoriano;M
Victorina;F
Victorino;M
Vidal;M
Violeta;F
Viorel;M
Virgilio;M
Virginia;F
Virtudes;F
Visitacion;F
Xabier;M
Xavier;M
Yago;M
Yaiza;F
Yanira;F
Yasmina;F
Yeray;M
Yolanda;F
Youssef;M
Zaira;F
